group_id,group_name,post_id,post_date,expected_comments,collected_comments,shortage_comments,status,post_url,content
6183167068463220,KINH NGHIỆM CHỌN SỮA CÔNG THỨC CHO BÉ YÊU,27650012354685381,2026-06-24T09:28:59.000Z,1588,0,1588,missing,https://www.facebook.com/groups/6183167068463220/posts/27650012354685381/,"hôm nay là ngày đầu con e đi học, e cứ tưởng con e sẽ khóc ré lên khi ko thấy mẹ nhưng trv con e vào lớp thấy cô giáo, bạn bè rồi mớ đồ chơi là lao vào liền, còn e ở nhà coi camera mà cứ thấp thỏm. Con e là con đầu với sinh mổ nữa nên em cứ sợ đi học là dễ bệnh. Do sinh mổ nên e cx sợ đề khág kém nên cx có tìm đủ loại sữa để hỗ trợ miễn dịch cho con, may sao tìm được dòng ap new có synbiotic giúp con tăng đề kháng, ít bệnh lặt vặt. E cho con thử đến giờ cũng đc 2 năm rồi, trv con e hợp sữa, cứ đến giờ là ngoan ngoãn cầm bình sữa bú. Có mẹ nào ngày đầu con đi học ngày đầu cũng lo lắng đủ điều như nhà e k"
804858320013004,HỘI REVIEW SỮA CÔNG THỨC,2458872884611531,2026-04-08T13:10:47.000Z,1581,10,1571,underfilled,https://www.facebook.com/groups/804858320013004/posts/2458872884611531/,"Định nuôi con sữa mẹ 1.5 năm vì bé sinh non, ai dè stress mất sữa là có thật các mẹ ạ. Đang từ 180-200ml/bên mà căng thẳng chuyện gđ, cv xong tụt còn 100-120ml, có khi stress quá là gần như mất luôn. Nói ra thì nhiều người ko tin, cứ bảo mình đổ thừa. Tìm hiểu thì thấy sữa ap new có synbiotic hỗ trợ đề kháng với dưỡng chất pt trí não nên cũng tính cho con uống thời gian xem như nào. Có mom nào cũng đang cho con dặm ap new giống em hong cho em xin thêm ít review với ạ."
184019427900518,REVIEW CÁC LOẠI SỮA CÔNG THỨC,932982493004204,2026-03-06T13:32:02.000Z,2038,533,1505,underfilled,https://www.facebook.com/groups/184019427900518/posts/932982493004204/,"🌷[MINIGAME] MỪNG 8/3 MẸ GHÉP ĐÚNG, BÉ RINH QUÀ KHỦNG 💖 Alo alo các mẹ ơi! 8/3 sắp tới rồi nè~ Nhân dịp đặc biệt này, Admin mang đến một minigame nho nhỏ: Mừng 8/3 Mẹ Ghép Đúng, Bé Rinh Quà Khủng. Vừa ôn kiến thức hay, vừa nhận quà 'xịn' cho bé sinh mổ từ ColosBaby Lactoferrin – bổ sung kháng thể tức thì, tăng cường miễn dịch. Các mom đừng bỏ lỡ cơ hội rinh quà hấp dẫn này nhé, tham gia ngay thôi! 🎀 🎁 Tặng ngay 5 lon sữa ColosBaby Lactoferrin cho 5 mom trả lời đúng, làm đủ các bước và may mắn nhất nha! 🧩 Thử thách nè: Lon sữa ColosBaby Lactoferrin đang bị khuyết một phần “phức hợp miễn dịch thế hệ mới”. Mẹ hãy tìm đúng mảnh ghép dưỡng chất phù hợp để hoàn thiện lon sữa cho bé yêu nhé: ▶️ Bước 1: Chọn đúng mảnh ghép phù hợp và bình luận đáp án + Tag 2 người bạn vào chơi chung cho vui nè. ▶️ Bước 2: Share bài viết này về trang cá nhân ở chế độ công khai kèm hashtag: #ColosBabyLactoferrin #sinhmo ⏰ Minigame diễn ra đến 23:59 ngày 15/03/2026 🌹8/3 này, rinh về phần quà yêu thương cho cả mẹ và bé! Tham gia ngay nào các mom ơi! 😘 📍Lưu ý - Các mom đọc kỹ: - Kết quả sẽ được công bố trong phần comment dưới bài viết này vào ngày 20/03/2026 - Bài chia sẻ phải luôn ở chế độ công khai trong suốt thời gian diễn ra minigame. - Mỗi người tham gia có thể bình luận nhiều lần nhưng BTC chỉ ghi nhận 01 bình luận đúng thỏa mãn tiêu chí và không chỉnh sửa. - Mỗi cá nhân chỉ nhận 01 giải duy nhất, xác định theo tài khoản Facebook, họ tên, số điện thoại, địa chỉ, IP và/hoặc dữ liệu liên quan. Trường hợp trùng lặp, admin chỉ trao 01 phần quà hợp lệ. - Người trúng thưởng vui lòng điền form nhận quà. Nếu người trúng thưởng không điền thông tin trong vòng 7 ngày kể từ ngày công bố kết quả thì được xem là từ chối nhận thưởng. - Quyết định của BTC là quyết định cuối cùng. BTC có quyền từ chối trao giải thưởng nếu phát hiện người tham gia dưới 18 tuổi, và/ hoặc có hoạt động không rõ ràng, có dấu hiệu gian lận…"
183774529022936,HỘI REVIEW BỈM SỮA CHO BÉ <3,2213388592728176,2026-06-24T07:37:59.000Z,1491,0,1491,missing,https://www.facebook.com/groups/183774529022936/posts/2213388592728176/,"Sắp tới e tính cho bé đi gửi trẻ nửa buổi để mẹ quay lại làm việc mà trong lòng cứ thấy nao nao. Nghĩ tới cảnh con lần đầu làm quen môi trường mới, gặp cô mới, bạn mới là e lại suy nghĩ đủ thứ. Ko biết lúc mẹ đi con có tìm mẹ ko, có chịu chơi hay chịu ngủ như ở nhà ko nữa. Dạo này e cũng cố gắng cho con làm quen dần với những thay đổi trong sinh hoạt, ăn ngủ đúng cữ và duy trì các cữ sữa hằng ngày. Nhà e đang dùng thêm ap new vì thấy có synbiotic hỗ trợ đề kháng cùng các dưỡng chất hỗ trợ phát triển trí não nên khá yên tâm. Trộm vía bạn nhỏ càng lớn càng tò mò, thấy gì cũng thích ngó nghiêng khám phá nên e cũng tự nhủ chắc con sẽ sớm làm quen với lớp học thôi. Chỉ mong ngày đầu đi học con chịu chơi ngoan, còn mẹ chắc phải tập làm quen với cảm giác nhớ con trước quá các mom ạ 😢"
6183167068463220,KINH NGHIỆM CHỌN SỮA CÔNG THỨC CHO BÉ YÊU,27246166405069980,2026-05-25T15:43:14.000Z,1477,0,1477,missing,https://www.facebook.com/groups/6183167068463220/posts/27246166405069980/,"Gần 2 tháng rồi mà vết mổ của e vẫn còn ê ẩm, mỗi lần bế con lâu là đau lưng chịu ko thấu. Nhiều lúc tủi thân vì ko thể đứng ẵm ru con đi qua đi lại được. E dồn sức ăn uống cho mau hồi phục, sữa mẹ thiếu thì nhờ chồng pha thêm ap new cho con bú. Dòng này e tìm hiểu kỹ thấy chuyên hỗ trợ đề kháng và có bộ 5 dưỡng chất cho trí não. Thấy con hợp tác bú ngoan, ít ốm vặt e cũng bớt áy náy phần nào. Mom nào đẻ mổ mà lâu hồi phục như e vô tâm sự đi"
804858320013004,HỘI REVIEW SỮA CÔNG THỨC,2444815802683906,2026-03-23T07:02:00.000Z,1486,10,1476,underfilled,https://www.facebook.com/groups/804858320013004/posts/2444815802683906/,"Góc mẹ bỉm che sỉa E thấy có nhiều mom sinh mổ cứ băn khoăn vụ chọn sữa mãi, nhà e thì từ hồi cai sữa mẹ tới giờ chỉ dùng duy nhất ap new thôi. Hồi đó bà chị bảo dòng này có synbiotic nên hỗ trợ đề kháng, e thử thì thấy trv đúng dị nha. Xong cái e đọc lon sữa mới thấy nó tập trung cả phát triển trí não với bộ 5 dưỡng chất nữa. Các mẹ cứ mạnh dạn thử nhen. Nchung chọn sữa thì ko khó, h nhiều loại, nhma quan trọng là hợp vs cơ địa và nhu cầu con"
804858320013004,HỘI REVIEW SỮA CÔNG THỨC,2444839906014829,2026-03-23T12:31:25.000Z,1478,10,1468,underfilled,https://www.facebook.com/groups/804858320013004/posts/2444839906014829/,"Ai nói sct uống chỉ tổ mập chứ ko bổ béo j thì mời ngâm cứu e ap new nha. Ban đầu e theo hệ nuôi sữa mẹ, mà sữa ít quá. Hồi mới tìm hiểu về sct cũng bán tín bán nghi, dùng rồi mới thấy con cũng trvia. Trong sữa có synbiotic hỗ trợ đề kháng, còn có bộ 5 dưỡng chất phát triển trí não nữa. Mn ai đang xài mà thấy hiệu quả giống nhà e vào cmt xác nhận cho vui nhen"
1710547889070752,HỘI NUÔI CON BẰNG SỮA CÔNG THỨC,25809366532095551,2026-03-23T12:31:58.000Z,1477,10,1467,underfilled,https://www.facebook.com/groups/1710547889070752/posts/25809366532095551/,"Em đang khủng hoảng quá các mẹ ơi, bé nhà e đợt này cứ ốm lặt vặt hoài do đổi mùa, e xót con mà bất lực hơn. Hồi sinh mổ sức e yếu nên sữa mẹ cũng mất sớm, giờ e cho con uống sct luôn. E đang muốn đổi qua ap new vì tìm hiểu thì dòng này có synbiotic hỗ trợ đề kháng tốt, lại thêm bộ 5 dưỡng chất giúp ptrien trí não nữa. Các mom cho e hỏi bé uống apnew lâu dài r review e thêm với"
939853694105892,MẸ THÔNG THÁI CHỌN SỮA CÔNG THỨC,1696347308456523,2026-05-21T04:27:00.000Z,1455,0,1455,missing,https://www.facebook.com/groups/939853694105892/posts/1696347308456523/,"Hè này dì út sinh viên lên chơi, e giao luôn nhiệm vụ trông cháu cho dì để rảnh rang dọn dẹp chút. Tưởng bả vụng về mà chăm cháu khéo phết, đến giờ là biết canh pha cữ sữa cho bé luôn. Con em dạo này đang uống ap bạc, e ưng dòng này vì giúp con phát triển toàn diện nhờ synbiotic đặc chế giúp tăng đề kháng và DHA, lutein hỗ trợ trí não & thị giác. Dì út hay bày trò xếp hình, đọc truyện, trốn tìm nên bé khoái lắm, chơi cười suốt ngày à, ước gì dì út nghỉ hè dài dài lên chơi với cháu cho mẹ rảnh kkkkk"
804858320013004,HỘI REVIEW SỮA CÔNG THỨC,2500862767079209,2026-05-26T02:48:54.000Z,1439,10,1429,underfilled,https://www.facebook.com/groups/804858320013004/posts/2500862767079209/,"Bé nhà e đợt này ho, bà ngoại xót cháu cứ giục ra tiệm mua liều siro ho cho lẹ. Nhưng quan điểm của e là con còn nhỏ, thuốc men gì cũng phải để bác sĩ nhi khám rồi kê đơn chứ mẹ tuyệt đối ko tự ý cho uống bậy bạ. Bác sĩ bảo con viêm hô hấp nhẹ, về theo dõi rồi bổ sung dinh dưỡng tăng đề kháng là ổn các mẹ ạ. Mà con nhỏ nên đôi khi vi khuẩn, thời tiết này kia làm bệnh con cũng ko tránh khỏi, giờ mẹ chăm kỹ, như e cũng hiểu nên chăm chút tìm hiểu sữa giúp con tăng cường đề kháng từ nhỏ do bé sinh mổ, uống ap new con hợp vị, lại có synbiotic giúp tăng đề kháng nên lướt qua mấy đợt bệnh cũng nhẹ nhàng th, ko có kéo dài. E thấy v là ổn r chứ con ko bệnh luôn thì nghe điêu lắm haha, các mom nhớ kỹ vụ thuốc men này nha, cẩn thận vẫn hơn ạ"
nuoiconbangsuacongthu,Nuôi Con Bằng Sữa Công Thức,1183224730598812,2026-05-10T13:10:34.000Z,1727,300,1427,underfilled,https://www.facebook.com/groups/nuoiconbangsuacongthu/posts/1183224730598812/,"Có ai giống em hông, bình thường con em dùng quen similac total protection lon bạc, nên em toàn kiếm trực tíêp dòng này rồi đặt mua, nên em cứ nghĩ hãng similac chỉ có 1-2 dòng quen thuộc thôi á. Bữa rồi con hết sữa giữa chừng nên em chạy vội ra siêu thị mua, đứng trước nguyên một kệ xanh đỏ tím vàng mới “ồ wow” vì không nghĩ là nhà Similac có nhiều dòng dữ vậy luôn Mà tại dạo này em tập tành làm content creator xây kênh mẹ và bé á, nên kiểu thấy gì cũng tò mò đọc thử cho biết 🤣 Nên nhân tiện chuyến này mượn similac để luyện tay, mở bát bài viết lách review đầu tiên nhá hehe. Cũng bất ngờ, em search web của nhãn, rồi lên mấy sàn của nhãn coi, xong mới thấy mỗi dòng sẽ có công thức, độ tuổi với điểm mạnh khác nhau chứ không phải chỉ khác màu bao bì đâu nha. Rồi bà nào còn chưa biết hay còn lẫn lộn thì lấy giấy bút ghi vô nha 1. Similac 5G: Dòng này thì quá quen mặt với các mẹ, sữa ruột dành cho bé sinh thường. Bộ đôi 5HMO và hàng triệu lợi khuẩn BB12 giúp bé ptrien toàn diện tiêu hoá, đề kháng. Bé bụng êm, ăn ngoan và hấp thu tốt sẽ nhích ki đều. Dòng duy nhất trên thị trường có chất Gangliosides giúp con thông minh, tăng IQ, quan trọng cho giai đoạn phát triển vàng của con. 2. Similac Total Protection: Bé em đang dùng. Dòng quốc dân cho bé sinh mổ với tag đỏ ""phù hợp cho bé sinh mổ"" trên lon uy tín. BTP đẹp với 5HMO hàm lượng rất con. Review chân thật từ em: Con trộm vía hấp thu tốt, từng cột mốc phát triển thì con e đạt chỉ tiêu ổn áp, ít ốm vặt dù thời tiết thất thường. Được chuyên gia khuyên dùng và nhiều mẹ khác đã dùng rồi đều vote đây là sp rất tốt cho bé sinh mổ. 3. Similac Total Comfort: Dòng đặt trị cho bé bất dung nạp lactose hoặc bé hay gặp triệu chứng rối loạn tiêu hóa như đầy hơi, chướng bụng, nôn trớ... BTP có đạm thủy phân cắt nhỏ nên con dễ hấp thu, nhỏ tiêu và giảm nhanh các triệu chứng rối loạn tiêu hóa cho con trong 24 giờ nha các mẹ. Và nên tham khảo thêm chỉ thị của bác sĩ nữa nhen. 4. Similac Neosure: Dòng phù hợp với bé sinh non, nhẹ cân muốn tăng cân nhanh, giúp bé bắt kịp đà tăng trưởng. 5. Similac Isomil: Dòng chuyên cho bé bị dị ứng đạm bò. BTP chiết xuất từ đạm đậu nành tinh chế cho mấy bé dị ứng sữa đạm bò, thường được nhìu bác sĩ kê cho bé bị dị ứng đạm bò. 6. Similac Mom: Sữa cho bà bầu và cả mẹ bỉm sau sinh trong giai đoạn cho con bú. Có 24 loại vitamin và khoáng chất cần thiết đáp ứng nhu cầu dinh dưỡng gia tăng và giúp thai kì có cân nặng và chu vi vòng đầu đạt chuẩn P/s: em xin tặng nhãn 10 điểm aura vì quá là chất lượng, con em trvia hợp sữa, khỏe mạnh lắm. Chị em bỉm nào đang trong gđ chọn sữa cho con thì tham khảo nha, còn mẹ nào cũng thuộc cộng đồng Sim mom thì cho em xin 1 likee cho chiếc content đầu tiên của em hihi, có trải nghiệm gì với nhãn hay ho cmt cho em đọc ké với nhe."
6183167068463220,KINH NGHIỆM CHỌN SỮA CÔNG THỨC CHO BÉ YÊU,27182616671424954,2026-05-20T07:15:22.000Z,1460,60,1400,underfilled,https://www.facebook.com/groups/6183167068463220/posts/27182616671424954/,"Trời ơi mấy đêm nay tự nhiên con em tỉnh giấc giữa đêm rồi khóc ọ ẹ làm e thức trắng theo luôn. Ban đầu e lo lắm nhưng hỏi bác sĩ thì biết bé đang ở độ tuổi phát triển kỹ năng mới nên giấc ngủ bị xáo trộn. Hiểu v nên e ko ép con nhiều, cứ nhẹ nhàng vỗ về con và duy trì cữ ap bạc hàng ngày nè. Ap bạc có synbiotic giúp tăng cường cường đề kháng với DHA và lutein vừa ptrien trí não vừa tốt cho thị giác nữa nè, hỗ trợ con phát triển toàn diện trong giai đoạn đầu lun nha. Cứ kiên nhẫn đồng hành cùng con thì trộm vía qua đợt là nếp ngủ của bé lại ngon lành như cũ"
804858320013004,HỘI REVIEW SỮA CÔNG THỨC,2500863947079091,2026-05-26T13:05:48.000Z,1406,10,1396,underfilled,https://www.facebook.com/groups/804858320013004/posts/2500863947079091/,"Chiều nay nhà e có khách tới chơi xong cũng tụ tập ăn uống, nói chuyện ồn ào hơi lâu, y như rằng chập tối con khóc thét dỗ mãi ko nín. E có nghe nói là hệ thần kinh trẻ sơ sinh còn non, tiếp xúc nhiều âm thanh quá sẽ bị quá tải cảm xúc. E bế con vô phòng tối, mở tiếng ồn trắng rồi pha bình ap new cho ti để con bình tĩnh lại. Mà mẹ cũgthiếu sữa đành chịu nhưng được cái sữa này hỗ trợ trí não và tăng đề kháng khá ok. Từ từ con lơ mơ ngủ mẹ mới thở phào, các mẹ rút kinh nghiệm vụ cho con tiếp xúc chỗ ồn nha"
939853694105892,MẸ THÔNG THÁI CHỌN SỮA CÔNG THỨC,1700213328069921,2026-05-26T01:47:40.000Z,1406,20,1386,underfilled,https://www.facebook.com/groups/939853694105892/posts/1700213328069921/,"Mấy nay con e đang vô đợt giãn sinh lý hay sao á, cứ đòi ti liên tục 1-2 tiếng một lần làm mẹ đuối đơ. Cơ thể e vắt cạn cũng ko kịp tốc độ bú của con, nên e châm thêm bình ap new cho con đã cơn khát. Sữa này e mua sẵn từ đợt đi đẻ mổ phòng hờ cạn ối, ai dè dùng tới giờ. Ưng khoản có synbiotic hỗ trợ đề kháng, lại thêm bộ 5 dưỡng chất tốt cho trí não. Giờ mẹ cứ ráng ăn uống tĩnh dưỡng, thiếu tới đâu dặm tới đó thôi các mom ha"
reviewsuact,💞 REVIEW SỮA CÔNG THỨC💞,2055215701906124,2025-11-21T02:08:30.000Z,1355,0,1355,missing,https://www.facebook.com/groups/reviewsuact/posts/2055215701906124/,"Bé nhà e đi học được 2 tháng mà sáng nào cũng quằ quại chuyện pha sữa, bé ngủ nướng, dậy đợi pha sữa uống thì trễ học cô la :< Hồi đó phải pha sữa bột, nhiều khi con đi học mà chưa uống xong là e phải uống của con hoặc đem đổ. Giờ e chuyển sang ap kid sữa nước cho sáng đi học thì tiện hơn, con vừa đi vừa uống được. Uống ngon, vị thanh mát, lại có DHA và prebiotic giúp phát triển trí não và đề kháng. Còn về nhà thì vẫn uống sữa ghiền apnew của ẻm kkk"
939853694105892,MẸ THÔNG THÁI CHỌN SỮA CÔNG THỨC,1700584938032760,2026-05-26T06:30:06.000Z,1349,0,1349,missing,https://www.facebook.com/groups/939853694105892/posts/1700584938032760/,"Các mẹ bầu tập 1 ở tháng cuối có hay bị tỉnh giấc tầm 2-3h sáng không ạ. Hồi đó e tưởng bị rối loạn giấc ngủ, đi khám thì bác sĩ bảo do cơ thể mẹ đang tự thay đổi nhịp sinh học để mốt quen giấc dậy cho con bú đêm đó, tạo hoá vi diệu ghê các mom ha. Sẵn mấy đêm thức trắng e hay lọ mọ lướt mạng chuẩn bị giỏ đi sinh luôn. Rút kinh nghiệm mấy chị đi trước, đẻ mổ dễ bị chậm sữa nên e thủ sẵn lon ap new phòng hờ. Dòng này có synbiotic đặc chế hỗ trợ đề kháng, phù hợp với bé đẻ mổ, tìm hiểu cẩn thận rồi e mới dám để vào giỏ, mà up lên đây cũng xin thêm rviu của các mẹ về dòng này cho e an tâm hơn với nha"
reviewsuact,💞 REVIEW SỮA CÔNG THỨC💞,2074441213316906,2025-12-15T13:38:30.000Z,1328,0,1328,missing,https://www.facebook.com/groups/reviewsuact/posts/2074441213316906/,"Con e 1 tuổi rưỡi r, g biết đi biết chạy, nói bập bẹ, thấy cái gì cũng cầm nghiên cứu tò mò, chịu học hỏi r các mẹ ạ. Em nuôi con bằng sct hoàn toàn từ nhỏ tới giờ, dạo gần đây thấy con bắt đầu chịu tìm tòi phát triển nên em có tham khảo đổi qua ap bạc cho con uống để ptrien toàn diện, bổ sung DHA giúp phát triển trí não với lutein giúp sáng mắt. Dùng ap bạc cũng đc 2w nay rồi, thấy con chịu uống, cũng năng động, nhanh nhẹn hơn nên em cũng yên tâm cho bé dùng"
nuoiconbangsuacongthu,Nuôi Con Bằng Sữa Công Thức,1203550218566263,2026-06-05T04:54:29.000Z,1335,10,1325,underfilled,https://www.facebook.com/groups/nuoiconbangsuacongthu/posts/1203550218566263/,"mới pha sữa cho con xong, nhìn con chơi ngoan, còn biết tự phân loại đồ chơi, rồi làm mấy việc lặt vặt mà thấy con lớn nhanh quá các mẹ ơi. Nhiều lúc e hay sợ con em ốm vặt, cho nên e lúc nào cũng tìm sữa cho con mà đề kháng với trí não phải cùng ptriển song song để con có sức mà vừa học vừa chơi. Đợt này nhà e đang cho bé dùng ap bạc, có synbiotic ptrien đề kháng với có DHA, trvía uống được một thời gian dài rồi, e thấy con em phtriển toàn diện ổn"
6183167068463220,KINH NGHIỆM CHỌN SỮA CÔNG THỨC CHO BÉ YÊU,27250967924589828,2026-05-26T02:14:18.000Z,1348,50,1298,underfilled,https://www.facebook.com/groups/6183167068463220/posts/27250967924589828/,"Nhiều lúc lướt facebook thấy mấy mẹ bỉm khác lấy lại dáng lẹ quá mà e tủi thân nhìn cái bụng bèo nhèo của mình. Nhưng chồng cứ động viên bảo sức khoẻ của vợ với sự phát triển của con mới là quan trọng nhất lúc này. Đẻ mổ xong mất sức, thức đêm chăm con nên cơ thể chưa hồi phục hẳn. Khoản dinh dưỡng thì e tìm hiểu kỹ thì cũng chọn ap new cho bé dặm thêm vì thấy có synbiotic tăng đề kháng. Cũng có thêm dưỡng chất pt trí não nên cũng yên tam. Nhìn con cứng cáp, trí não ptrien tốt là e thấy mấy vết rạn này cũng xứng đáng. Ráng cứng cáp chút rồi mẹ tập luyện lấy lại dáng sau vậy các mom ha"
reviewsuact,💞 REVIEW SỮA CÔNG THỨC💞,2074441743316853,2025-12-15T13:38:33.000Z,1296,0,1296,missing,https://www.facebook.com/groups/reviewsuact/posts/2074441743316853/,"Mẹ nào đang phân vân chọn sữa giống em hồi trước thì cứ thử nghĩ thật đơn giản: con sinh mổ đang cần tăng đề kháng thì ap new sẽ phù hợp, cần hỗ trợ tiêu hóa thì ap ess có đạm a2 hoặc bú kết hợp thì ap anh nè, hay cần phát triển toàn diện luôn thì cứ ap bạc thẳng tiến. Khi xác định được nhu cầu của bé rồi, nhìn theo từng dòng apta tương ứng là chọn được ngay, đỡ cảnh đổi liên tục khiến bé khó chịu và mẹ cũng mệt. Mỗi dòng apta đều có ưu điểm riêng nên mẹ chỉ cần dựa vào đúng nhu cầu của con là ra lựa chọn phù hợp, vừa tiết kiệm thời gian vừa giúp bé nhanh hợp sữa hơn nữa"
